TINDAK SEQUENCE NUMBER,NEGERI,JENIS UNDI,KOD PARLIMEN,NAMA PARLIMEN,KOD DUN,NAMA DUN,KOD DM,NAMA DAERAH MENGUNDI,NAMA PUSAT MENGUNDI,NOMBOR TEMPAT MENGUNDI,Jumlah Kertas Undi Yang Patut Berada Di Dalam Peti Undi (A),BN,BN_CALON,BN_UNDI,PH,PH_CALON,PH_UNDI,LAIN1,LAIN1_CALON,LAIN1_UNDI,LAIN2,LAIN2_CALON,LAIN2_UNDI,LAIN3,LAIN3_CALON,LAIN3_UNDI,LAIN4_UNDI,LAIN4_CALON,LAIN4_UNDI,Jumlah Undian Oleh Pemilih,Bilangan Kertas Undi Yang Ditolak (C),Jumlah Kertas Undi Yang Dikeluarkan Kepada Pengundi Tetapi Tidak Dimasukkan Ke Dalam Peti Undi(D)
1,JOHOR,UNDI POS,165,TANJUNG PIAI,UNDI POS,UNDI POS,165/UNDI POS,UNDI POS,UNDI POS,1,235,MCA,WEE JECK SENG,131,PPBM,HAJI KARMAINE BIN  SARDINI,60,GERAKAN,WENDY SUBRAMANIAM,1,BERJASA,DATO' DR  BADHRULHISHAM,5,BEBAS - KUNCI,DR. ANG CHUAN LOCK,0,BEBAS - KERETA,FARIDAH  ARYANI  BINTI ABD GHAFFAR,0,197,14,24
2,JOHOR,UNDI AWAL,165,TANJUNG PIAI,UNDI AWAL,UNDI AWAL,165/55/00,UNDI AWAL,BANGUNAN PERKEP IPD PONTIAN,1,20,MCA,WEE JECK SENG,12,PPBM,HAJI KARMAINE BIN  SARDINI,6,GERAKAN,WENDY SUBRAMANIAM,0,BERJASA,DATO' DR  BADHRULHISHAM,1,BEBAS - KUNCI,DR. ANG CHUAN LOCK,0,BEBAS - KERETA,FARIDAH  ARYANI  BINTI ABD GHAFFAR,0,19,1,0
3,JOHOR,UNDI AWAL,165,TANJUNG PIAI,UNDI AWAL,UNDI AWAL,165/56/00,UNDI AWAL,BANGUNAN PERKEP IPD PONTIAN,2,236,MCA,WEE JECK SENG,130,PPBM,HAJI KARMAINE BIN  SARDINI,96,GERAKAN,WENDY SUBRAMANIAM,2,BERJASA,DATO' DR  BADHRULHISHAM,6,BEBAS - KUNCI,DR. ANG CHUAN LOCK,1,BEBAS - KERETA,FARIDAH  ARYANI  BINTI ABD GHAFFAR,0,235,1,0
4,JOHOR,UNDI BIASA,165,TANJUNG PIAI,55,PEKAN NENAS,165/55/01,PARIT KUDUS,SEKOLAH KEBANGSAAN PARIT KUDUS,1,280,MCA,WEE JECK SENG,221,PPBM,HAJI KARMAINE BIN  SARDINI,46,GERAKAN,WENDY SUBRAMANIAM,1,BERJASA,DATO' DR  BADHRULHISHAM,3,BEBAS - KUNCI,DR. ANG CHUAN LOCK,1,BEBAS - KERETA,FARIDAH  ARYANI  BINTI ABD GHAFFAR,1,273,7,0
5,JOHOR,UNDI BIASA,165,TANJUNG PIAI,55,PEKAN NENAS,165/55/01,PARIT KUDUS,SEKOLAH KEBANGSAAN PARIT KUDUS,2,310,MCA,WEE JECK SENG,210,PPBM,HAJI KARMAINE BIN  SARDINI,80,GERAKAN,WENDY SUBRAMANIAM,3,BERJASA,DATO' DR  BADHRULHISHAM,7,BEBAS - KUNCI,DR. ANG CHUAN LOCK,1,BEBAS - KERETA,FARIDAH  ARYANI  BINTI ABD GHAFFAR,0,301,9,0
6,JOHOR,UNDI BIASA,165,TANJUNG PIAI,55,PEKAN NENAS,165/55/01,PARIT KUDUS,SEKOLAH KEBANGSAAN PARIT KUDUS,3,260,MCA,WEE JECK SENG,186,PPBM,HAJI KARMAINE BIN  SARDINI,61,GERAKAN,WENDY SUBRAMANIAM,1,BERJASA,DATO' DR  BADHRULHISHAM,8,BEBAS - KUNCI,DR. ANG CHUAN LOCK,0,BEBAS - KERETA,FARIDAH  ARYANI  BINTI ABD GHAFFAR,0,256,4,0
7,JOHOR,UNDI BIASA,165,TANJUNG PIAI,55,PEKAN NENAS,165/55/01,PARIT KUDUS,SEKOLAH KEBANGSAAN PARIT KUDUS,4,285,MCA,WEE JECK SENG,191,PPBM,HAJI KARMAINE BIN  SARDINI,73,GERAKAN,WENDY SUBRAMANIAM,0,BERJASA,DATO' DR  BADHRULHISHAM,16,BEBAS - KUNCI,DR. ANG CHUAN LOCK,0,BEBAS - KERETA,FARIDAH  ARYANI  BINTI ABD GHAFFAR,1,281,4,0
8,JOHOR,UNDI BIASA,165,TANJUNG PIAI,55,PEKAN NENAS,165/55/02,TANJONG AYER HITAM,SEKOLAH KEBANGSAAN TANJONG AYER HITAM,1,193,MCA,WEE JECK SENG,130,PPBM,HAJI KARMAINE BIN  SARDINI,35,GERAKAN,WENDY SUBRAMANIAM,7,BERJASA,DATO' DR  BADHRULHISHAM,5,BEBAS - KUNCI,DR. ANG CHUAN LOCK,2,BEBAS - KERETA,FARIDAH  ARYANI  BINTI ABD GHAFFAR,1,180,13,0
9,JOHOR,UNDI BIASA,165,TANJUNG PIAI,55,PEKAN NENAS,165/55/02,TANJONG AYER HITAM,SEKOLAH KEBANGSAAN TANJONG AYER HITAM,2,285,MCA,WEE JECK SENG,185,PPBM,HAJI KARMAINE BIN  SARDINI,70,GERAKAN,WENDY SUBRAMANIAM,1,BERJASA,DATO' DR  BADHRULHISHAM,20,BEBAS - KUNCI,DR. ANG CHUAN LOCK,1,BEBAS - KERETA,FARIDAH  ARYANI  BINTI ABD GHAFFAR,1,278,7,0
10,JOHOR,UNDI BIASA,165,TANJUNG PIAI,55,PEKAN NENAS,165/55/02,TANJONG AYER HITAM,SEKOLAH KEBANGSAAN TANJONG AYER HITAM,3,290,MCA,WEE JECK SENG,210,PPBM,HAJI KARMAINE BIN  SARDINI,57,GERAKAN,WENDY SUBRAMANIAM,0,BERJASA,DATO' DR  BADHRULHISHAM,18,BEBAS - KUNCI,DR. ANG CHUAN LOCK,1,BEBAS - KERETA,FARIDAH  ARYANI  BINTI ABD GHAFFAR,0,286,4,0
11,JOHOR,UNDI BIASA,165,TANJUNG PIAI,55,PEKAN NENAS,165/55/03,LADANG SOUTH MALAYA,SEKOLAH KEBANGSAAN PARIT HAJI ADNAN,1,259,MCA,WEE JECK SENG,179,PPBM,HAJI KARMAINE BIN  SARDINI,54,GERAKAN,WENDY SUBRAMANIAM,13,BERJASA,DATO' DR  BADHRULHISHAM,4,BEBAS - KUNCI,DR. ANG CHUAN LOCK,3,BEBAS - KERETA,FARIDAH  ARYANI  BINTI ABD GHAFFAR,0,253,6,0
12,JOHOR,UNDI BIASA,165,TANJUNG PIAI,55,PEKAN NENAS,165/55/03,LADANG SOUTH MALAYA,SEKOLAH KEBANGSAAN PARIT HAJI ADNAN,2,284,MCA,WEE JECK SENG,209,PPBM,HAJI KARMAINE BIN  SARDINI,55,GERAKAN,WENDY SUBRAMANIAM,8,BERJASA,DATO' DR  BADHRULHISHAM,4,BEBAS - KUNCI,DR. ANG CHUAN LOCK,0,BEBAS - KERETA,FARIDAH  ARYANI  BINTI ABD GHAFFAR,1,277,6,1
13,JOHOR,UNDI BIASA,165,TANJUNG PIAI,55,PEKAN NENAS,165/55/03,LADANG SOUTH MALAYA,SEKOLAH KEBANGSAAN PARIT HAJI ADNAN,3,330,MCA,WEE JECK SENG,253,PPBM,HAJI KARMAINE BIN  SARDINI,64,GERAKAN,WENDY SUBRAMANIAM,2,BERJASA,DATO' DR  BADHRULHISHAM,5,BEBAS - KUNCI,DR. ANG CHUAN LOCK,0,BEBAS - KERETA,FARIDAH  ARYANI  BINTI ABD GHAFFAR,0,324,6,0
14,JOHOR,UNDI BIASA,165,TANJUNG PIAI,55,PEKAN NENAS,165/55/03,LADANG SOUTH MALAYA,SEKOLAH KEBANGSAAN PARIT HAJI ADNAN,4,356,MCA,WEE JECK SENG,269,PPBM,HAJI KARMAINE BIN  SARDINI,62,GERAKAN,WENDY SUBRAMANIAM,1,BERJASA,DATO' DR  BADHRULHISHAM,20,BEBAS - KUNCI,DR. ANG CHUAN LOCK,1,BEBAS - KERETA,FARIDAH  ARYANI  BINTI ABD GHAFFAR,0,353,3,0
15,JOHOR,UNDI BIASA,165,TANJUNG PIAI,55,PEKAN NENAS,165/55/04,MELAYU RAYA,SEKOLAH KEBANGSAAN MELAYU RAYA,1,260,MCA,WEE JECK SENG,213,PPBM,HAJI KARMAINE BIN  SARDINI,30,GERAKAN,WENDY SUBRAMANIAM,1,BERJASA,DATO' DR  BADHRULHISHAM,8,BEBAS - KUNCI,DR. ANG CHUAN LOCK,1,BEBAS - KERETA,FARIDAH  ARYANI  BINTI ABD GHAFFAR,0,253,7,0
16,JOHOR,UNDI BIASA,165,TANJUNG PIAI,55,PEKAN NENAS,165/55/04,MELAYU RAYA,SEKOLAH KEBANGSAAN MELAYU RAYA,2,310,MCA,WEE JECK SENG,246,PPBM,HAJI KARMAINE BIN  SARDINI,51,GERAKAN,WENDY SUBRAMANIAM,0,BERJASA,DATO' DR  BADHRULHISHAM,9,BEBAS - KUNCI,DR. ANG CHUAN LOCK,0,BEBAS - KERETA,FARIDAH  ARYANI  BINTI ABD GHAFFAR,0,306,4,0
17,JOHOR,UNDI BIASA,165,TANJUNG PIAI,55,PEKAN NENAS,165/55/04,MELAYU RAYA,SEKOLAH KEBANGSAAN MELAYU RAYA,3,314,MCA,WEE JECK SENG,234,PPBM,HAJI KARMAINE BIN  SARDINI,60,GERAKAN,WENDY SUBRAMANIAM,0,BERJASA,DATO' DR  BADHRULHISHAM,17,BEBAS - KUNCI,DR. ANG CHUAN LOCK,0,BEBAS - KERETA,FARIDAH  ARYANI  BINTI ABD GHAFFAR,0,311,3,0
18,JOHOR,UNDI BIASA,165,TANJUNG PIAI,55,PEKAN NENAS,165/55/04,MELAYU RAYA,SEKOLAH KEBANGSAAN MELAYU RAYA,4,369,MCA,WEE JECK SENG,272,PPBM,HAJI KARMAINE BIN  SARDINI,70,GERAKAN,WENDY SUBRAMANIAM,0,BERJASA,DATO' DR  BADHRULHISHAM,22,BEBAS - KUNCI,DR. ANG CHUAN LOCK,1,BEBAS - KERETA,FARIDAH  ARYANI  BINTI ABD GHAFFAR,0,365,4,0
19,JOHOR,UNDI BIASA,165,TANJUNG PIAI,55,PEKAN NENAS,165/55/05,KAMPONG LUBOK SAWAH,SEKOLAH KEBANGSAAN KAMPONG SAWAH,1,260,MCA,WEE JECK SENG,201,PPBM,HAJI KARMAINE BIN  SARDINI,42,GERAKAN,WENDY SUBRAMANIAM,5,BERJASA,DATO' DR  BADHRULHISHAM,2,BEBAS - KUNCI,DR. ANG CHUAN LOCK,2,BEBAS - KERETA,FARIDAH  ARYANI  BINTI ABD GHAFFAR,1,253,7,0
20,JOHOR,UNDI BIASA,165,TANJUNG PIAI,55,PEKAN NENAS,165/55/05,KAMPONG LUBOK SAWAH,SEKOLAH KEBANGSAAN KAMPONG SAWAH,2,251,MCA,WEE JECK SENG,189,PPBM,HAJI KARMAINE BIN  SARDINI,50,GERAKAN,WENDY SUBRAMANIAM,1,BERJASA,DATO' DR  BADHRULHISHAM,5,BEBAS - KUNCI,DR. ANG CHUAN LOCK,1,BEBAS - KERETA,FARIDAH  ARYANI  BINTI ABD GHAFFAR,1,247,4,0
21,JOHOR,UNDI BIASA,165,TANJUNG PIAI,55,PEKAN NENAS,165/55/05,KAMPONG LUBOK SAWAH,SEKOLAH KEBANGSAAN KAMPONG SAWAH,3,291,MCA,WEE JECK SENG,205,PPBM,HAJI KARMAINE BIN  SARDINI,73,GERAKAN,WENDY SUBRAMANIAM,0,BERJASA,DATO' DR  BADHRULHISHAM,9,BEBAS - KUNCI,DR. ANG CHUAN LOCK,0,BEBAS - KERETA,FARIDAH  ARYANI  BINTI ABD GHAFFAR,0,287,4,0
22,JOHOR,UNDI BIASA,165,TANJUNG PIAI,55,PEKAN NENAS,165/55/05,KAMPONG LUBOK SAWAH,SEKOLAH KEBANGSAAN KAMPONG SAWAH,4,304,MCA,WEE JECK SENG,233,PPBM,HAJI KARMAINE BIN  SARDINI,53,GERAKAN,WENDY SUBRAMANIAM,1,BERJASA,DATO' DR  BADHRULHISHAM,14,BEBAS - KUNCI,DR. ANG CHUAN LOCK,0,BEBAS - KERETA,FARIDAH  ARYANI  BINTI ABD GHAFFAR,0,301,3,0
23,JOHOR,UNDI BIASA,165,TANJUNG PIAI,55,PEKAN NENAS,165/55/06,TENGGAYON,SEKOLAH KEBANGSAAN SERI BUNIAN,1,267,MCA,WEE JECK SENG,207,PPBM,HAJI KARMAINE BIN  SARDINI,36,GERAKAN,WENDY SUBRAMANIAM,10,BERJASA,DATO' DR  BADHRULHISHAM,2,BEBAS - KUNCI,DR. ANG CHUAN LOCK,4,BEBAS - KERETA,FARIDAH  ARYANI  BINTI ABD GHAFFAR,0,259,8,0
24,JOHOR,UNDI BIASA,165,TANJUNG PIAI,55,PEKAN NENAS,165/55/06,TENGGAYON,SEKOLAH KEBANGSAAN SERI BUNIAN,2,296,MCA,WEE JECK SENG,235,PPBM,HAJI KARMAINE BIN  SARDINI,43,GERAKAN,WENDY SUBRAMANIAM,6,BERJASA,DATO' DR  BADHRULHISHAM,4,BEBAS - KUNCI,DR. ANG CHUAN LOCK,0,BEBAS - KERETA,FARIDAH  ARYANI  BINTI ABD GHAFFAR,0,288,8,0
25,JOHOR,UNDI BIASA,165,TANJUNG PIAI,55,PEKAN NENAS,165/55/06,TENGGAYON,SEKOLAH KEBANGSAAN SERI BUNIAN,3,399,MCA,WEE JECK SENG,273,PPBM,HAJI KARMAINE BIN  SARDINI,100,GERAKAN,WENDY SUBRAMANIAM,7,BERJASA,DATO' DR  BADHRULHISHAM,8,BEBAS - KUNCI,DR. ANG CHUAN LOCK,3,BEBAS - KERETA,FARIDAH  ARYANI  BINTI ABD GHAFFAR,0,391,8,0
26,JOHOR,UNDI BIASA,165,TANJUNG PIAI,55,PEKAN NENAS,165/55/06,TENGGAYON,SEKOLAH KEBANGSAAN SERI BUNIAN,4,432,MCA,WEE JECK SENG,269,PPBM,HAJI KARMAINE BIN  SARDINI,121,GERAKAN,WENDY SUBRAMANIAM,14,BERJASA,DATO' DR  BADHRULHISHAM,12,BEBAS - KUNCI,DR. ANG CHUAN LOCK,11,BEBAS - KERETA,FARIDAH  ARYANI  BINTI ABD GHAFFAR,0,427,5,0
27,JOHOR,UNDI BIASA,165,TANJUNG PIAI,55,PEKAN NENAS,165/55/06,TENGGAYON,SEKOLAH KEBANGSAAN SERI BUNIAN,5,434,MCA,WEE JECK SENG,281,PPBM,HAJI KARMAINE BIN  SARDINI,118,GERAKAN,WENDY SUBRAMANIAM,12,BERJASA,DATO' DR  BADHRULHISHAM,9,BEBAS - KUNCI,DR. ANG CHUAN LOCK,8,BEBAS - KERETA,FARIDAH  ARYANI  BINTI ABD GHAFFAR,1,429,5,0
28,JOHOR,UNDI BIASA,165,TANJUNG PIAI,55,PEKAN NENAS,165/55/06,TENGGAYON,SEKOLAH KEBANGSAAN SERI BUNIAN,6,448,MCA,WEE JECK SENG,287,PPBM,HAJI KARMAINE BIN  SARDINI,112,GERAKAN,WENDY SUBRAMANIAM,11,BERJASA,DATO' DR  BADHRULHISHAM,29,BEBAS - KUNCI,DR. ANG CHUAN LOCK,6,BEBAS - KERETA,FARIDAH  ARYANI  BINTI ABD GHAFFAR,0,445,3,0
29,JOHOR,UNDI BIASA,165,TANJUNG PIAI,55,PEKAN NENAS,165/55/06,TENGGAYON,SEKOLAH KEBANGSAAN SERI BUNIAN,7,435,MCA,WEE JECK SENG,299,PPBM,HAJI KARMAINE BIN  SARDINI,110,GERAKAN,WENDY SUBRAMANIAM,3,BERJASA,DATO' DR  BADHRULHISHAM,11,BEBAS - KUNCI,DR. ANG CHUAN LOCK,9,BEBAS - KERETA,FARIDAH  ARYANI  BINTI ABD GHAFFAR,0,432,3,0
30,JOHOR,UNDI BIASA,165,TANJUNG PIAI,55,PEKAN NENAS,165/55/07,PENGKALAN RAJA PONTIAN,SEKOLAH KEBANGSAAN PENGKALAN RAJA,1,271,MCA,WEE JECK SENG,217,PPBM,HAJI KARMAINE BIN  SARDINI,41,GERAKAN,WENDY SUBRAMANIAM,3,BERJASA,DATO' DR  BADHRULHISHAM,2,BEBAS - KUNCI,DR. ANG CHUAN LOCK,1,BEBAS - KERETA,FARIDAH  ARYANI  BINTI ABD GHAFFAR,1,265,6,0
31,JOHOR,UNDI BIASA,165,TANJUNG PIAI,55,PEKAN NENAS,165/55/07,PENGKALAN RAJA PONTIAN,SEKOLAH KEBANGSAAN PENGKALAN RAJA,2,301,MCA,WEE JECK SENG,234,PPBM,HAJI KARMAINE BIN  SARDINI,47,GERAKAN,WENDY SUBRAMANIAM,5,BERJASA,DATO' DR  BADHRULHISHAM,12,BEBAS - KUNCI,DR. ANG CHUAN LOCK,0,BEBAS - KERETA,FARIDAH  ARYANI  BINTI ABD GHAFFAR,0,298,3,0
32,JOHOR,UNDI BIASA,165,TANJUNG PIAI,55,PEKAN NENAS,165/55/07,PENGKALAN RAJA PONTIAN,SEKOLAH KEBANGSAAN PENGKALAN RAJA,3,317,MCA,WEE JECK SENG,228,PPBM,HAJI KARMAINE BIN  SARDINI,71,GERAKAN,WENDY SUBRAMANIAM,3,BERJASA,DATO' DR  BADHRULHISHAM,7,BEBAS - KUNCI,DR. ANG CHUAN LOCK,0,BEBAS - KERETA,FARIDAH  ARYANI  BINTI ABD GHAFFAR,0,309,8,0
33,JOHOR,UNDI BIASA,165,TANJUNG PIAI,55,PEKAN NENAS,165/55/07,PENGKALAN RAJA PONTIAN,SEKOLAH KEBANGSAAN PENGKALAN RAJA,4,322,MCA,WEE JECK SENG,216,PPBM,HAJI KARMAINE BIN  SARDINI,74,GERAKAN,WENDY SUBRAMANIAM,10,BERJASA,DATO' DR  BADHRULHISHAM,18,BEBAS - KUNCI,DR. ANG CHUAN LOCK,2,BEBAS - KERETA,FARIDAH  ARYANI  BINTI ABD GHAFFAR,0,320,2,0
34,JOHOR,UNDI BIASA,165,TANJUNG PIAI,55,PEKAN NENAS,165/55/07,PENGKALAN RAJA PONTIAN,SEKOLAH KEBANGSAAN PENGKALAN RAJA,5,332,MCA,WEE JECK SENG,242,PPBM,HAJI KARMAINE BIN  SARDINI,63,GERAKAN,WENDY SUBRAMANIAM,5,BERJASA,DATO' DR  BADHRULHISHAM,19,BEBAS - KUNCI,DR. ANG CHUAN LOCK,1,BEBAS - KERETA,FARIDAH  ARYANI  BINTI ABD GHAFFAR,0,330,2,0
35,JOHOR,UNDI BIASA,165,TANJUNG PIAI,55,PEKAN NENAS,165/55/08,BANDAR PEKAN NENAS BARAT,SEKOLAH MENENGAH KEBANGSAAN DATO' MOHD YUNOS SULAIMAN,1,219,MCA,WEE JECK SENG,133,PPBM,HAJI KARMAINE BIN  SARDINI,56,GERAKAN,WENDY SUBRAMANIAM,21,BERJASA,DATO' DR  BADHRULHISHAM,1,BEBAS - KUNCI,DR. ANG CHUAN LOCK,2,BEBAS - KERETA,FARIDAH  ARYANI  BINTI ABD GHAFFAR,0,213,6,0
36,JOHOR,UNDI BIASA,165,TANJUNG PIAI,55,PEKAN NENAS,165/55/08,BANDAR PEKAN NENAS BARAT,SEKOLAH MENENGAH KEBANGSAAN DATO' MOHD YUNOS SULAIMAN,2,247,MCA,WEE JECK SENG,142,PPBM,HAJI KARMAINE BIN  SARDINI,63,GERAKAN,WENDY SUBRAMANIAM,31,BERJASA,DATO' DR  BADHRULHISHAM,2,BEBAS - KUNCI,DR. ANG CHUAN LOCK,0,BEBAS - KERETA,FARIDAH  ARYANI  BINTI ABD GHAFFAR,0,238,9,0
37,JOHOR,UNDI BIASA,165,TANJUNG PIAI,55,PEKAN NENAS,165/55/08,BANDAR PEKAN NENAS BARAT,SEKOLAH MENENGAH KEBANGSAAN DATO' MOHD YUNOS SULAIMAN,3,319,MCA,WEE JECK SENG,154,PPBM,HAJI KARMAINE BIN  SARDINI,112,GERAKAN,WENDY SUBRAMANIAM,47,BERJASA,DATO' DR  BADHRULHISHAM,1,BEBAS - KUNCI,DR. ANG CHUAN LOCK,1,BEBAS - KERETA,FARIDAH  ARYANI  BINTI ABD GHAFFAR,0,315,4,0
38,JOHOR,UNDI BIASA,165,TANJUNG PIAI,55,PEKAN NENAS,165/55/08,BANDAR PEKAN NENAS BARAT,SEKOLAH MENENGAH KEBANGSAAN DATO' MOHD YUNOS SULAIMAN,4,388,MCA,WEE JECK SENG,180,PPBM,HAJI KARMAINE BIN  SARDINI,160,GERAKAN,WENDY SUBRAMANIAM,46,BERJASA,DATO' DR  BADHRULHISHAM,1,BEBAS - KUNCI,DR. ANG CHUAN LOCK,0,BEBAS - KERETA,FARIDAH  ARYANI  BINTI ABD GHAFFAR,0,387,1,0
39,JOHOR,UNDI BIASA,165,TANJUNG PIAI,55,PEKAN NENAS,165/55/08,BANDAR PEKAN NENAS BARAT,SEKOLAH MENENGAH KEBANGSAAN DATO' MOHD YUNOS SULAIMAN,5,393,MCA,WEE JECK SENG,200,PPBM,HAJI KARMAINE BIN  SARDINI,146,GERAKAN,WENDY SUBRAMANIAM,41,BERJASA,DATO' DR  BADHRULHISHAM,4,BEBAS - KUNCI,DR. ANG CHUAN LOCK,0,BEBAS - KERETA,FARIDAH  ARYANI  BINTI ABD GHAFFAR,0,391,2,0
40,JOHOR,UNDI BIASA,165,TANJUNG PIAI,55,PEKAN NENAS,165/55/09,BANDAR PEKAN NENAS TIMOR,SEKOLAH MENENGAH KEBANGSAAN PEKAN NENAS,1,222,MCA,WEE JECK SENG,128,PPBM,HAJI KARMAINE BIN  SARDINI,52,GERAKAN,WENDY SUBRAMANIAM,28,BERJASA,DATO' DR  BADHRULHISHAM,3,BEBAS - KUNCI,DR. ANG CHUAN LOCK,0,BEBAS - KERETA,FARIDAH  ARYANI  BINTI ABD GHAFFAR,0,211,10,1
41,JOHOR,UNDI BIASA,165,TANJUNG PIAI,55,PEKAN NENAS,165/55/09,BANDAR PEKAN NENAS TIMOR,SEKOLAH MENENGAH KEBANGSAAN PEKAN NENAS,2,274,MCA,WEE JECK SENG,143,PPBM,HAJI KARMAINE BIN  SARDINI,93,GERAKAN,WENDY SUBRAMANIAM,31,BERJASA,DATO' DR  BADHRULHISHAM,2,BEBAS - KUNCI,DR. ANG CHUAN LOCK,0,BEBAS - KERETA,FARIDAH  ARYANI  BINTI ABD GHAFFAR,1,270,4,0
42,JOHOR,UNDI BIASA,165,TANJUNG PIAI,55,PEKAN NENAS,165/55/09,BANDAR PEKAN NENAS TIMOR,SEKOLAH MENENGAH KEBANGSAAN PEKAN NENAS,3,334,MCA,WEE JECK SENG,182,PPBM,HAJI KARMAINE BIN  SARDINI,90,GERAKAN,WENDY SUBRAMANIAM,50,BERJASA,DATO' DR  BADHRULHISHAM,1,BEBAS - KUNCI,DR. ANG CHUAN LOCK,5,BEBAS - KERETA,FARIDAH  ARYANI  BINTI ABD GHAFFAR,0,328,6,0
43,JOHOR,UNDI BIASA,165,TANJUNG PIAI,55,PEKAN NENAS,165/55/09,BANDAR PEKAN NENAS TIMOR,SEKOLAH MENENGAH KEBANGSAAN PEKAN NENAS,4,314,MCA,WEE JECK SENG,156,PPBM,HAJI KARMAINE BIN  SARDINI,104,GERAKAN,WENDY SUBRAMANIAM,41,BERJASA,DATO' DR  BADHRULHISHAM,4,BEBAS - KUNCI,DR. ANG CHUAN LOCK,4,BEBAS - KERETA,FARIDAH  ARYANI  BINTI ABD GHAFFAR,0,309,5,0
44,JOHOR,UNDI BIASA,165,TANJUNG PIAI,55,PEKAN NENAS,165/55/09,BANDAR PEKAN NENAS TIMOR,SEKOLAH MENENGAH KEBANGSAAN PEKAN NENAS,5,309,MCA,WEE JECK SENG,145,PPBM,HAJI KARMAINE BIN  SARDINI,123,GERAKAN,WENDY SUBRAMANIAM,37,BERJASA,DATO' DR  BADHRULHISHAM,1,BEBAS - KUNCI,DR. ANG CHUAN LOCK,2,BEBAS - KERETA,FARIDAH  ARYANI  BINTI ABD GHAFFAR,0,308,1,0
45,JOHOR,UNDI BIASA,165,TANJUNG PIAI,55,PEKAN NENAS,165/55/09,BANDAR PEKAN NENAS TIMOR,SEKOLAH MENENGAH KEBANGSAAN PEKAN NENAS,6,374,MCA,WEE JECK SENG,197,PPBM,HAJI KARMAINE BIN  SARDINI,143,GERAKAN,WENDY SUBRAMANIAM,28,BERJASA,DATO' DR  BADHRULHISHAM,3,BEBAS - KUNCI,DR. ANG CHUAN LOCK,1,BEBAS - KERETA,FARIDAH  ARYANI  BINTI ABD GHAFFAR,0,372,2,0
46,JOHOR,UNDI BIASA,165,TANJUNG PIAI,55,PEKAN NENAS,165/55/09,BANDAR PEKAN NENAS TIMOR,SEKOLAH MENENGAH KEBANGSAAN PEKAN NENAS,7,351,MCA,WEE JECK SENG,204,PPBM,HAJI KARMAINE BIN  SARDINI,111,GERAKAN,WENDY SUBRAMANIAM,27,BERJASA,DATO' DR  BADHRULHISHAM,6,BEBAS - KUNCI,DR. ANG CHUAN LOCK,1,BEBAS - KERETA,FARIDAH  ARYANI  BINTI ABD GHAFFAR,0,349,2,0
47,JOHOR,UNDI BIASA,165,TANJUNG PIAI,55,PEKAN NENAS,165/55/10,BANDAR PEKAN NENAS TENGAH,SEKOLAH KEBANGSAAN PEKAN NENAS,1,230,MCA,WEE JECK SENG,148,PPBM,HAJI KARMAINE BIN  SARDINI,51,GERAKAN,WENDY SUBRAMANIAM,22,BERJASA,DATO' DR  BADHRULHISHAM,2,BEBAS - KUNCI,DR. ANG CHUAN LOCK,0,BEBAS - KERETA,FARIDAH  ARYANI  BINTI ABD GHAFFAR,0,223,7,0
48,JOHOR,UNDI BIASA,165,TANJUNG PIAI,55,PEKAN NENAS,165/55/10,BANDAR PEKAN NENAS TENGAH,SEKOLAH KEBANGSAAN PEKAN NENAS,2,263,MCA,WEE JECK SENG,158,PPBM,HAJI KARMAINE BIN  SARDINI,70,GERAKAN,WENDY SUBRAMANIAM,28,BERJASA,DATO' DR  BADHRULHISHAM,0,BEBAS - KUNCI,DR. ANG CHUAN LOCK,2,BEBAS - KERETA,FARIDAH  ARYANI  BINTI ABD GHAFFAR,0,258,5,0
49,JOHOR,UNDI BIASA,165,TANJUNG PIAI,55,PEKAN NENAS,165/55/10,BANDAR PEKAN NENAS TENGAH,SEKOLAH KEBANGSAAN PEKAN NENAS,3,340,MCA,WEE JECK SENG,191,PPBM,HAJI KARMAINE BIN  SARDINI,100,GERAKAN,WENDY SUBRAMANIAM,39,BERJASA,DATO' DR  BADHRULHISHAM,6,BEBAS - KUNCI,DR. ANG CHUAN LOCK,0,BEBAS - KERETA,FARIDAH  ARYANI  BINTI ABD GHAFFAR,0,336,4,0
50,JOHOR,UNDI BIASA,165,TANJUNG PIAI,55,PEKAN NENAS,165/55/10,BANDAR PEKAN NENAS TENGAH,SEKOLAH KEBANGSAAN PEKAN NENAS,4,322,MCA,WEE JECK SENG,169,PPBM,HAJI KARMAINE BIN  SARDINI,110,GERAKAN,WENDY SUBRAMANIAM,34,BERJASA,DATO' DR  BADHRULHISHAM,4,BEBAS - KUNCI,DR. ANG CHUAN LOCK,2,BEBAS - KERETA,FARIDAH  ARYANI  BINTI ABD GHAFFAR,0,319,3,0
51,JOHOR,UNDI BIASA,165,TANJUNG PIAI,55,PEKAN NENAS,165/55/10,BANDAR PEKAN NENAS TENGAH,SEKOLAH KEBANGSAAN PEKAN NENAS,5,373,MCA,WEE JECK SENG,206,PPBM,HAJI KARMAINE BIN  SARDINI,129,GERAKAN,WENDY SUBRAMANIAM,30,BERJASA,DATO' DR  BADHRULHISHAM,4,BEBAS - KUNCI,DR. ANG CHUAN LOCK,2,BEBAS - KERETA,FARIDAH  ARYANI  BINTI ABD GHAFFAR,0,371,2,0
52,JOHOR,UNDI BIASA,165,TANJUNG PIAI,55,PEKAN NENAS,165/55/10,BANDAR PEKAN NENAS TENGAH,SEKOLAH KEBANGSAAN PEKAN NENAS,6,376,MCA,WEE JECK SENG,175,PPBM,HAJI KARMAINE BIN  SARDINI,154,GERAKAN,WENDY SUBRAMANIAM,34,BERJASA,DATO' DR  BADHRULHISHAM,2,BEBAS - KUNCI,DR. ANG CHUAN LOCK,6,BEBAS - KERETA,FARIDAH  ARYANI  BINTI ABD GHAFFAR,0,371,5,0
53,JOHOR,UNDI BIASA,165,TANJUNG PIAI,55,PEKAN NENAS,165/55/10,BANDAR PEKAN NENAS TENGAH,SEKOLAH KEBANGSAAN PEKAN NENAS,7,369,MCA,WEE JECK SENG,182,PPBM,HAJI KARMAINE BIN  SARDINI,149,GERAKAN,WENDY SUBRAMANIAM,26,BERJASA,DATO' DR  BADHRULHISHAM,5,BEBAS - KUNCI,DR. ANG CHUAN LOCK,5,BEBAS - KERETA,FARIDAH  ARYANI  BINTI ABD GHAFFAR,0,367,2,0
54,JOHOR,UNDI BIASA,165,TANJUNG PIAI,55,PEKAN NENAS,165/55/10,BANDAR PEKAN NENAS TENGAH,SEKOLAH KEBANGSAAN PEKAN NENAS,8,373,MCA,WEE JECK SENG,221,PPBM,HAJI KARMAINE BIN  SARDINI,120,GERAKAN,WENDY SUBRAMANIAM,24,BERJASA,DATO' DR  BADHRULHISHAM,4,BEBAS - KUNCI,DR. ANG CHUAN LOCK,1,BEBAS - KERETA,FARIDAH  ARYANI  BINTI ABD GHAFFAR,0,370,3,0
55,JOHOR,UNDI BIASA,165,TANJUNG PIAI,55,PEKAN NENAS,165/55/11,BANDAR PEKAN NENAS SELATAN,SEKOLAH JENIS KEBANGSAAN (CINA) YU MING (1),1,224,MCA,WEE JECK SENG,156,PPBM,HAJI KARMAINE BIN  SARDINI,34,GERAKAN,WENDY SUBRAMANIAM,9,BERJASA,DATO' DR  BADHRULHISHAM,5,BEBAS - KUNCI,DR. ANG CHUAN LOCK,2,BEBAS - KERETA,FARIDAH  ARYANI  BINTI ABD GHAFFAR,0,206,18,0
56,JOHOR,UNDI BIASA,165,TANJUNG PIAI,55,PEKAN NENAS,165/55/11,BANDAR PEKAN NENAS SELATAN,SEKOLAH JENIS KEBANGSAAN (CINA) YU MING (1),2,263,MCA,WEE JECK SENG,172,PPBM,HAJI KARMAINE BIN  SARDINI,61,GERAKAN,WENDY SUBRAMANIAM,19,BERJASA,DATO' DR  BADHRULHISHAM,4,BEBAS - KUNCI,DR. ANG CHUAN LOCK,2,BEBAS - KERETA,FARIDAH  ARYANI  BINTI ABD GHAFFAR,0,258,5,0
57,JOHOR,UNDI BIASA,165,TANJUNG PIAI,55,PEKAN NENAS,165/55/11,BANDAR PEKAN NENAS SELATAN,SEKOLAH JENIS KEBANGSAAN (CINA) YU MING (1),3,354,MCA,WEE JECK SENG,221,PPBM,HAJI KARMAINE BIN  SARDINI,87,GERAKAN,WENDY SUBRAMANIAM,39,BERJASA,DATO' DR  BADHRULHISHAM,0,BEBAS - KUNCI,DR. ANG CHUAN LOCK,0,BEBAS - KERETA,FARIDAH  ARYANI  BINTI ABD GHAFFAR,0,347,7,0
58,JOHOR,UNDI BIASA,165,TANJUNG PIAI,55,PEKAN NENAS,165/55/11,BANDAR PEKAN NENAS SELATAN,SEKOLAH JENIS KEBANGSAAN (CINA) YU MING (1),4,418,MCA,WEE JECK SENG,265,PPBM,HAJI KARMAINE BIN  SARDINI,106,GERAKAN,WENDY SUBRAMANIAM,38,BERJASA,DATO' DR  BADHRULHISHAM,1,BEBAS - KUNCI,DR. ANG CHUAN LOCK,0,BEBAS - KERETA,FARIDAH  ARYANI  BINTI ABD GHAFFAR,0,410,8,0
59,JOHOR,UNDI BIASA,165,TANJUNG PIAI,55,PEKAN NENAS,165/55/11,BANDAR PEKAN NENAS SELATAN,SEKOLAH JENIS KEBANGSAAN (CINA) YU MING (1),5,426,MCA,WEE JECK SENG,260,PPBM,HAJI KARMAINE BIN  SARDINI,122,GERAKAN,WENDY SUBRAMANIAM,30,BERJASA,DATO' DR  BADHRULHISHAM,5,BEBAS - KUNCI,DR. ANG CHUAN LOCK,3,BEBAS - KERETA,FARIDAH  ARYANI  BINTI ABD GHAFFAR,0,420,6,0
60,JOHOR,UNDI BIASA,165,TANJUNG PIAI,55,PEKAN NENAS,165/55/11,BANDAR PEKAN NENAS SELATAN,SEKOLAH JENIS KEBANGSAAN (CINA) YU MING (1),6,388,MCA,WEE JECK SENG,239,PPBM,HAJI KARMAINE BIN  SARDINI,118,GERAKAN,WENDY SUBRAMANIAM,23,BERJASA,DATO' DR  BADHRULHISHAM,5,BEBAS - KUNCI,DR. ANG CHUAN LOCK,0,BEBAS - KERETA,FARIDAH  ARYANI  BINTI ABD GHAFFAR,1,386,2,0
61,JOHOR,UNDI BIASA,165,TANJUNG PIAI,55,PEKAN NENAS,165/55/11,BANDAR PEKAN NENAS SELATAN,SEKOLAH JENIS KEBANGSAAN (CINA) YU MING (1),7,384,MCA,WEE JECK SENG,205,PPBM,HAJI KARMAINE BIN  SARDINI,135,GERAKAN,WENDY SUBRAMANIAM,33,BERJASA,DATO' DR  BADHRULHISHAM,3,BEBAS - KUNCI,DR. ANG CHUAN LOCK,3,BEBAS - KERETA,FARIDAH  ARYANI  BINTI ABD GHAFFAR,0,379,5,0
62,JOHOR,UNDI BIASA,165,TANJUNG PIAI,55,PEKAN NENAS,165/55/11,BANDAR PEKAN NENAS SELATAN,SEKOLAH JENIS KEBANGSAAN (CINA) YU MING (1),8,402,MCA,WEE JECK SENG,231,PPBM,HAJI KARMAINE BIN  SARDINI,126,GERAKAN,WENDY SUBRAMANIAM,26,BERJASA,DATO' DR  BADHRULHISHAM,9,BEBAS - KUNCI,DR. ANG CHUAN LOCK,4,BEBAS - KERETA,FARIDAH  ARYANI  BINTI ABD GHAFFAR,1,397,5,0
63,JOHOR,UNDI BIASA,165,TANJUNG PIAI,55,PEKAN NENAS,165/55/11,BANDAR PEKAN NENAS SELATAN,SEKOLAH JENIS KEBANGSAAN (CINA) YU MING (1),9,409,MCA,WEE JECK SENG,284,PPBM,HAJI KARMAINE BIN  SARDINI,89,GERAKAN,WENDY SUBRAMANIAM,19,BERJASA,DATO' DR  BADHRULHISHAM,11,BEBAS - KUNCI,DR. ANG CHUAN LOCK,1,BEBAS - KERETA,FARIDAH  ARYANI  BINTI ABD GHAFFAR,1,405,4,0
64,JOHOR,UNDI BIASA,165,TANJUNG PIAI,56,KUKUP,165/56/01,LADANG SUNGAI BURONG,SEKOLAH KEBANGSAAN JERAM BATU,1,145,MCA,WEE JECK SENG,120,PPBM,HAJI KARMAINE BIN  SARDINI,15,GERAKAN,WENDY SUBRAMANIAM,3,BERJASA,DATO' DR  BADHRULHISHAM,2,BEBAS - KUNCI,DR. ANG CHUAN LOCK,3,BEBAS - KERETA,FARIDAH  ARYANI  BINTI ABD GHAFFAR,0,143,2,0
65,JOHOR,UNDI BIASA,165,TANJUNG PIAI,56,KUKUP,165/56/01,LADANG SUNGAI BURONG,SEKOLAH KEBANGSAAN JERAM BATU,2,191,MCA,WEE JECK SENG,147,PPBM,HAJI KARMAINE BIN  SARDINI,30,GERAKAN,WENDY SUBRAMANIAM,0,BERJASA,DATO' DR  BADHRULHISHAM,11,BEBAS - KUNCI,DR. ANG CHUAN LOCK,1,BEBAS - KERETA,FARIDAH  ARYANI  BINTI ABD GHAFFAR,1,190,1,0
66,JOHOR,UNDI BIASA,165,TANJUNG PIAI,56,KUKUP,165/56/02,JALAN RIMBA TERJUN,SEKOLAH JENIS KEBANGSAAN (CINA) BIN CHONG,1,243,MCA,WEE JECK SENG,119,PPBM,HAJI KARMAINE BIN  SARDINI,76,GERAKAN,WENDY SUBRAMANIAM,31,BERJASA,DATO' DR  BADHRULHISHAM,6,BEBAS - KUNCI,DR. ANG CHUAN LOCK,4,BEBAS - KERETA,FARIDAH  ARYANI  BINTI ABD GHAFFAR,0,236,7,0
67,JOHOR,UNDI BIASA,165,TANJUNG PIAI,56,KUKUP,165/56/02,JALAN RIMBA TERJUN,SEKOLAH JENIS KEBANGSAAN (CINA) BIN CHONG,2,253,MCA,WEE JECK SENG,106,PPBM,HAJI KARMAINE BIN  SARDINI,102,GERAKAN,WENDY SUBRAMANIAM,31,BERJASA,DATO' DR  BADHRULHISHAM,0,BEBAS - KUNCI,DR. ANG CHUAN LOCK,12,BEBAS - KERETA,FARIDAH  ARYANI  BINTI ABD GHAFFAR,0,251,2,0
68,JOHOR,UNDI BIASA,165,TANJUNG PIAI,56,KUKUP,165/56/02,JALAN RIMBA TERJUN,SEKOLAH JENIS KEBANGSAAN (CINA) BIN CHONG,3,358,MCA,WEE JECK SENG,140,PPBM,HAJI KARMAINE BIN  SARDINI,165,GERAKAN,WENDY SUBRAMANIAM,28,BERJASA,DATO' DR  BADHRULHISHAM,3,BEBAS - KUNCI,DR. ANG CHUAN LOCK,15,BEBAS - KERETA,FARIDAH  ARYANI  BINTI ABD GHAFFAR,0,351,7,0
69,JOHOR,UNDI BIASA,165,TANJUNG PIAI,56,KUKUP,165/56/02,JALAN RIMBA TERJUN,SEKOLAH JENIS KEBANGSAAN (CINA) BIN CHONG,4,361,MCA,WEE JECK SENG,150,PPBM,HAJI KARMAINE BIN  SARDINI,141,GERAKAN,WENDY SUBRAMANIAM,24,BERJASA,DATO' DR  BADHRULHISHAM,6,BEBAS - KUNCI,DR. ANG CHUAN LOCK,36,BEBAS - KERETA,FARIDAH  ARYANI  BINTI ABD GHAFFAR,0,357,3,1
70,JOHOR,UNDI BIASA,165,TANJUNG PIAI,56,KUKUP,165/56/03,KAMPONG DUKU,SEKOLAH JENIS KEBANGSAAN (CINA) CHEOW MIN,1,200,MCA,WEE JECK SENG,105,PPBM,HAJI KARMAINE BIN  SARDINI,57,GERAKAN,WENDY SUBRAMANIAM,28,BERJASA,DATO' DR  BADHRULHISHAM,2,BEBAS - KUNCI,DR. ANG CHUAN LOCK,1,BEBAS - KERETA,FARIDAH  ARYANI  BINTI ABD GHAFFAR,1,194,6,0
71,JOHOR,UNDI BIASA,165,TANJUNG PIAI,56,KUKUP,165/56/03,KAMPONG DUKU,SEKOLAH JENIS KEBANGSAAN (CINA) CHEOW MIN,2,266,MCA,WEE JECK SENG,165,PPBM,HAJI KARMAINE BIN  SARDINI,60,GERAKAN,WENDY SUBRAMANIAM,29,BERJASA,DATO' DR  BADHRULHISHAM,2,BEBAS - KUNCI,DR. ANG CHUAN LOCK,4,BEBAS - KERETA,FARIDAH  ARYANI  BINTI ABD GHAFFAR,0,260,6,0
72,JOHOR,UNDI BIASA,165,TANJUNG PIAI,56,KUKUP,165/56/03,KAMPONG DUKU,SEKOLAH JENIS KEBANGSAAN (CINA) CHEOW MIN,3,331,MCA,WEE JECK SENG,167,PPBM,HAJI KARMAINE BIN  SARDINI,125,GERAKAN,WENDY SUBRAMANIAM,32,BERJASA,DATO' DR  BADHRULHISHAM,2,BEBAS - KUNCI,DR. ANG CHUAN LOCK,2,BEBAS - KERETA,FARIDAH  ARYANI  BINTI ABD GHAFFAR,0,328,3,0
73,JOHOR,UNDI BIASA,165,TANJUNG PIAI,56,KUKUP,165/56/03,KAMPONG DUKU,SEKOLAH JENIS KEBANGSAAN (CINA) CHEOW MIN,4,354,MCA,WEE JECK SENG,184,PPBM,HAJI KARMAINE BIN  SARDINI,123,GERAKAN,WENDY SUBRAMANIAM,37,BERJASA,DATO' DR  BADHRULHISHAM,1,BEBAS - KUNCI,DR. ANG CHUAN LOCK,7,BEBAS - KERETA,FARIDAH  ARYANI  BINTI ABD GHAFFAR,0,352,2,0
74,JOHOR,UNDI BIASA,165,TANJUNG PIAI,56,KUKUP,165/56/03,KAMPONG DUKU,SEKOLAH JENIS KEBANGSAAN (CINA) CHEOW MIN,5,393,MCA,WEE JECK SENG,216,PPBM,HAJI KARMAINE BIN  SARDINI,135,GERAKAN,WENDY SUBRAMANIAM,24,BERJASA,DATO' DR  BADHRULHISHAM,3,BEBAS - KUNCI,DR. ANG CHUAN LOCK,10,BEBAS - KERETA,FARIDAH  ARYANI  BINTI ABD GHAFFAR,0,388,5,0
75,JOHOR,UNDI BIASA,165,TANJUNG PIAI,56,KUKUP,165/56/03,KAMPONG DUKU,SEKOLAH JENIS KEBANGSAAN (CINA) CHEOW MIN,6,406,MCA,WEE JECK SENG,198,PPBM,HAJI KARMAINE BIN  SARDINI,162,GERAKAN,WENDY SUBRAMANIAM,26,BERJASA,DATO' DR  BADHRULHISHAM,6,BEBAS - KUNCI,DR. ANG CHUAN LOCK,12,BEBAS - KERETA,FARIDAH  ARYANI  BINTI ABD GHAFFAR,0,404,2,0
76,JOHOR,UNDI BIASA,165,TANJUNG PIAI,56,KUKUP,165/56/03,KAMPONG DUKU,SEKOLAH JENIS KEBANGSAAN (CINA) CHEOW MIN,7,350,MCA,WEE JECK SENG,169,PPBM,HAJI KARMAINE BIN  SARDINI,139,GERAKAN,WENDY SUBRAMANIAM,20,BERJASA,DATO' DR  BADHRULHISHAM,6,BEBAS - KUNCI,DR. ANG CHUAN LOCK,15,BEBAS - KERETA,FARIDAH  ARYANI  BINTI ABD GHAFFAR,0,349,1,0
77,JOHOR,UNDI BIASA,165,TANJUNG PIAI,56,KUKUP,165/56/03,KAMPONG DUKU,SEKOLAH JENIS KEBANGSAAN (CINA) CHEOW MIN,8,397,MCA,WEE JECK SENG,192,PPBM,HAJI KARMAINE BIN  SARDINI,151,GERAKAN,WENDY SUBRAMANIAM,21,BERJASA,DATO' DR  BADHRULHISHAM,10,BEBAS - KUNCI,DR. ANG CHUAN LOCK,18,BEBAS - KERETA,FARIDAH  ARYANI  BINTI ABD GHAFFAR,0,392,4,1
78,JOHOR,UNDI BIASA,165,TANJUNG PIAI,56,KUKUP,165/56/03,KAMPONG DUKU,SEKOLAH JENIS KEBANGSAAN (CINA) CHEOW MIN,9,383,MCA,WEE JECK SENG,221,PPBM,HAJI KARMAINE BIN  SARDINI,121,GERAKAN,WENDY SUBRAMANIAM,6,BERJASA,DATO' DR  BADHRULHISHAM,13,BEBAS - KUNCI,DR. ANG CHUAN LOCK,19,BEBAS - KERETA,FARIDAH  ARYANI  BINTI ABD GHAFFAR,1,381,2,0
79,JOHOR,UNDI BIASA,165,TANJUNG PIAI,56,KUKUP,165/56/04,KAMPONG RIMBA TERJUN,SEKOLAH KEBANGSAAN RIMBA TERJUN,1,248,MCA,WEE JECK SENG,176,PPBM,HAJI KARMAINE BIN  SARDINI,59,GERAKAN,WENDY SUBRAMANIAM,7,BERJASA,DATO' DR  BADHRULHISHAM,5,BEBAS - KUNCI,DR. ANG CHUAN LOCK,0,BEBAS - KERETA,FARIDAH  ARYANI  BINTI ABD GHAFFAR,0,247,1,0
80,JOHOR,UNDI BIASA,165,TANJUNG PIAI,56,KUKUP,165/56/04,KAMPONG RIMBA TERJUN,SEKOLAH KEBANGSAAN RIMBA TERJUN,2,297,MCA,WEE JECK SENG,195,PPBM,HAJI KARMAINE BIN  SARDINI,82,GERAKAN,WENDY SUBRAMANIAM,5,BERJASA,DATO' DR  BADHRULHISHAM,8,BEBAS - KUNCI,DR. ANG CHUAN LOCK,2,BEBAS - KERETA,FARIDAH  ARYANI  BINTI ABD GHAFFAR,1,293,4,0
81,JOHOR,UNDI BIASA,165,TANJUNG PIAI,56,KUKUP,165/56/04,KAMPONG RIMBA TERJUN,SEKOLAH KEBANGSAAN RIMBA TERJUN,3,377,MCA,WEE JECK SENG,223,PPBM,HAJI KARMAINE BIN  SARDINI,123,GERAKAN,WENDY SUBRAMANIAM,12,BERJASA,DATO' DR  BADHRULHISHAM,10,BEBAS - KUNCI,DR. ANG CHUAN LOCK,2,BEBAS - KERETA,FARIDAH  ARYANI  BINTI ABD GHAFFAR,0,370,7,0
82,JOHOR,UNDI BIASA,165,TANJUNG PIAI,56,KUKUP,165/56/04,KAMPONG RIMBA TERJUN,SEKOLAH KEBANGSAAN RIMBA TERJUN,4,337,MCA,WEE JECK SENG,200,PPBM,HAJI KARMAINE BIN  SARDINI,103,GERAKAN,WENDY SUBRAMANIAM,3,BERJASA,DATO' DR  BADHRULHISHAM,21,BEBAS - KUNCI,DR. ANG CHUAN LOCK,8,BEBAS - KERETA,FARIDAH  ARYANI  BINTI ABD GHAFFAR,0,335,2,0
83,JOHOR,UNDI BIASA,165,TANJUNG PIAI,56,KUKUP,165/56/04,KAMPONG RIMBA TERJUN,SEKOLAH KEBANGSAAN RIMBA TERJUN,5,344,MCA,WEE JECK SENG,223,PPBM,HAJI KARMAINE BIN  SARDINI,82,GERAKAN,WENDY SUBRAMANIAM,4,BERJASA,DATO' DR  BADHRULHISHAM,25,BEBAS - KUNCI,DR. ANG CHUAN LOCK,8,BEBAS - KERETA,FARIDAH  ARYANI  BINTI ABD GHAFFAR,1,343,1,0
84,JOHOR,UNDI BIASA,165,TANJUNG PIAI,56,KUKUP,165/56/05,PARIT HJ. ISMAIL,SEKOLAH KEBANGSAAN SUNGAI BUNYI,1,249,MCA,WEE JECK SENG,157,PPBM,HAJI KARMAINE BIN  SARDINI,56,GERAKAN,WENDY SUBRAMANIAM,19,BERJASA,DATO' DR  BADHRULHISHAM,3,BEBAS - KUNCI,DR. ANG CHUAN LOCK,2,BEBAS - KERETA,FARIDAH  ARYANI  BINTI ABD GHAFFAR,0,237,12,0
85,JOHOR,UNDI BIASA,165,TANJUNG PIAI,56,KUKUP,165/56/05,PARIT HJ. ISMAIL,SEKOLAH KEBANGSAAN SUNGAI BUNYI,2,269,MCA,WEE JECK SENG,161,PPBM,HAJI KARMAINE BIN  SARDINI,93,GERAKAN,WENDY SUBRAMANIAM,9,BERJASA,DATO' DR  BADHRULHISHAM,2,BEBAS - KUNCI,DR. ANG CHUAN LOCK,3,BEBAS - KERETA,FARIDAH  ARYANI  BINTI ABD GHAFFAR,0,268,1,0
86,JOHOR,UNDI BIASA,165,TANJUNG PIAI,56,KUKUP,165/56/05,PARIT HJ. ISMAIL,SEKOLAH KEBANGSAAN SUNGAI BUNYI,3,401,MCA,WEE JECK SENG,250,PPBM,HAJI KARMAINE BIN  SARDINI,119,GERAKAN,WENDY SUBRAMANIAM,8,BERJASA,DATO' DR  BADHRULHISHAM,13,BEBAS - KUNCI,DR. ANG CHUAN LOCK,8,BEBAS - KERETA,FARIDAH  ARYANI  BINTI ABD GHAFFAR,1,399,2,0
87,JOHOR,UNDI BIASA,165,TANJUNG PIAI,56,KUKUP,165/56/06,RAMBAH,SEKOLAH KEBANGSAAN RAMBAH,1,196,MCA,WEE JECK SENG,141,PPBM,HAJI KARMAINE BIN  SARDINI,37,GERAKAN,WENDY SUBRAMANIAM,10,BERJASA,DATO' DR  BADHRULHISHAM,2,BEBAS - KUNCI,DR. ANG CHUAN LOCK,3,BEBAS - KERETA,FARIDAH  ARYANI  BINTI ABD GHAFFAR,0,193,3,0
88,JOHOR,UNDI BIASA,165,TANJUNG PIAI,56,KUKUP,165/56/06,RAMBAH,SEKOLAH KEBANGSAAN RAMBAH,2,262,MCA,WEE JECK SENG,168,PPBM,HAJI KARMAINE BIN  SARDINI,66,GERAKAN,WENDY SUBRAMANIAM,18,BERJASA,DATO' DR  BADHRULHISHAM,3,BEBAS - KUNCI,DR. ANG CHUAN LOCK,2,BEBAS - KERETA,FARIDAH  ARYANI  BINTI ABD GHAFFAR,1,258,4,0
89,JOHOR,UNDI BIASA,165,TANJUNG PIAI,56,KUKUP,165/56/06,RAMBAH,SEKOLAH KEBANGSAAN RAMBAH,3,293,MCA,WEE JECK SENG,173,PPBM,HAJI KARMAINE BIN  SARDINI,92,GERAKAN,WENDY SUBRAMANIAM,20,BERJASA,DATO' DR  BADHRULHISHAM,2,BEBAS - KUNCI,DR. ANG CHUAN LOCK,4,BEBAS - KERETA,FARIDAH  ARYANI  BINTI ABD GHAFFAR,0,291,2,0
90,JOHOR,UNDI BIASA,165,TANJUNG PIAI,56,KUKUP,165/56/06,RAMBAH,SEKOLAH KEBANGSAAN RAMBAH,4,283,MCA,WEE JECK SENG,155,PPBM,HAJI KARMAINE BIN  SARDINI,96,GERAKAN,WENDY SUBRAMANIAM,8,BERJASA,DATO' DR  BADHRULHISHAM,5,BEBAS - KUNCI,DR. ANG CHUAN LOCK,6,BEBAS - KERETA,FARIDAH  ARYANI  BINTI ABD GHAFFAR,0,270,13,0
91,JOHOR,UNDI BIASA,165,TANJUNG PIAI,56,KUKUP,165/56/06,RAMBAH,SEKOLAH KEBANGSAAN RAMBAH,5,294,MCA,WEE JECK SENG,184,PPBM,HAJI KARMAINE BIN  SARDINI,83,GERAKAN,WENDY SUBRAMANIAM,6,BERJASA,DATO' DR  BADHRULHISHAM,10,BEBAS - KUNCI,DR. ANG CHUAN LOCK,9,BEBAS - KERETA,FARIDAH  ARYANI  BINTI ABD GHAFFAR,0,292,2,0
92,JOHOR,UNDI BIASA,165,TANJUNG PIAI,56,KUKUP,165/56/07,PARIT RAMBAI,SEKOLAH KEBANGSAAN PARIT RAMBAI,1,264,MCA,WEE JECK SENG,187,PPBM,HAJI KARMAINE BIN  SARDINI,60,GERAKAN,WENDY SUBRAMANIAM,7,BERJASA,DATO' DR  BADHRULHISHAM,5,BEBAS - KUNCI,DR. ANG CHUAN LOCK,2,BEBAS - KERETA,FARIDAH  ARYANI  BINTI ABD GHAFFAR,0,261,3,0
93,JOHOR,UNDI BIASA,165,TANJUNG PIAI,56,KUKUP,165/56/07,PARIT RAMBAI,SEKOLAH KEBANGSAAN PARIT RAMBAI,2,247,MCA,WEE JECK SENG,177,PPBM,HAJI KARMAINE BIN  SARDINI,62,GERAKAN,WENDY SUBRAMANIAM,1,BERJASA,DATO' DR  BADHRULHISHAM,5,BEBAS - KUNCI,DR. ANG CHUAN LOCK,1,BEBAS - KERETA,FARIDAH  ARYANI  BINTI ABD GHAFFAR,0,246,1,0
94,JOHOR,UNDI BIASA,165,TANJUNG PIAI,56,KUKUP,165/56/07,PARIT RAMBAI,SEKOLAH KEBANGSAAN PARIT RAMBAI,3,291,MCA,WEE JECK SENG,203,PPBM,HAJI KARMAINE BIN  SARDINI,65,GERAKAN,WENDY SUBRAMANIAM,3,BERJASA,DATO' DR  BADHRULHISHAM,18,BEBAS - KUNCI,DR. ANG CHUAN LOCK,2,BEBAS - KERETA,FARIDAH  ARYANI  BINTI ABD GHAFFAR,0,291,0,0
95,JOHOR,UNDI BIASA,165,TANJUNG PIAI,56,KUKUP,165/56/08,PERADIN,SEKOLAH KEBANGSAAN BELOKOK,1,242,MCA,WEE JECK SENG,203,PPBM,HAJI KARMAINE BIN  SARDINI,29,GERAKAN,WENDY SUBRAMANIAM,1,BERJASA,DATO' DR  BADHRULHISHAM,4,BEBAS - KUNCI,DR. ANG CHUAN LOCK,0,BEBAS - KERETA,FARIDAH  ARYANI  BINTI ABD GHAFFAR,0,237,5,0
96,JOHOR,UNDI BIASA,165,TANJUNG PIAI,56,KUKUP,165/56/08,PERADIN,SEKOLAH KEBANGSAAN BELOKOK,2,322,MCA,WEE JECK SENG,261,PPBM,HAJI KARMAINE BIN  SARDINI,54,GERAKAN,WENDY SUBRAMANIAM,1,BERJASA,DATO' DR  BADHRULHISHAM,5,BEBAS - KUNCI,DR. ANG CHUAN LOCK,0,BEBAS - KERETA,FARIDAH  ARYANI  BINTI ABD GHAFFAR,0,321,1,0
97,JOHOR,UNDI BIASA,165,TANJUNG PIAI,56,KUKUP,165/56/09,TELOK KERANG,SEKOLAH KEBANGSAAN TELOK KERANG,1,192,MCA,WEE JECK SENG,145,PPBM,HAJI KARMAINE BIN  SARDINI,37,GERAKAN,WENDY SUBRAMANIAM,4,BERJASA,DATO' DR  BADHRULHISHAM,1,BEBAS - KUNCI,DR. ANG CHUAN LOCK,1,BEBAS - KERETA,FARIDAH  ARYANI  BINTI ABD GHAFFAR,0,188,4,0
98,JOHOR,UNDI BIASA,165,TANJUNG PIAI,56,KUKUP,165/56/09,TELOK KERANG,SEKOLAH KEBANGSAAN TELOK KERANG,2,293,MCA,WEE JECK SENG,196,PPBM,HAJI KARMAINE BIN  SARDINI,82,GERAKAN,WENDY SUBRAMANIAM,9,BERJASA,DATO' DR  BADHRULHISHAM,2,BEBAS - KUNCI,DR. ANG CHUAN LOCK,1,BEBAS - KERETA,FARIDAH  ARYANI  BINTI ABD GHAFFAR,0,290,3,0
99,JOHOR,UNDI BIASA,165,TANJUNG PIAI,56,KUKUP,165/56/09,TELOK KERANG,SEKOLAH KEBANGSAAN TELOK KERANG,3,314,MCA,WEE JECK SENG,221,PPBM,HAJI KARMAINE BIN  SARDINI,80,GERAKAN,WENDY SUBRAMANIAM,4,BERJASA,DATO' DR  BADHRULHISHAM,7,BEBAS - KUNCI,DR. ANG CHUAN LOCK,0,BEBAS - KERETA,FARIDAH  ARYANI  BINTI ABD GHAFFAR,1,313,1,0
100,JOHOR,UNDI BIASA,165,TANJUNG PIAI,56,KUKUP,165/56/09,TELOK KERANG,SEKOLAH KEBANGSAAN TELOK KERANG,4,328,MCA,WEE JECK SENG,205,PPBM,HAJI KARMAINE BIN  SARDINI,104,GERAKAN,WENDY SUBRAMANIAM,2,BERJASA,DATO' DR  BADHRULHISHAM,12,BEBAS - KUNCI,DR. ANG CHUAN LOCK,1,BEBAS - KERETA,FARIDAH  ARYANI  BINTI ABD GHAFFAR,0,324,4,0
101,JOHOR,UNDI BIASA,165,TANJUNG PIAI,56,KUKUP,165/56/09,TELOK KERANG,SEKOLAH KEBANGSAAN TELOK KERANG,5,332,MCA,WEE JECK SENG,194,PPBM,HAJI KARMAINE BIN  SARDINI,108,GERAKAN,WENDY SUBRAMANIAM,4,BERJASA,DATO' DR  BADHRULHISHAM,23,BEBAS - KUNCI,DR. ANG CHUAN LOCK,0,BEBAS - KERETA,FARIDAH  ARYANI  BINTI ABD GHAFFAR,1,330,2,0
102,JOHOR,UNDI BIASA,165,TANJUNG PIAI,56,KUKUP,165/56/10,PENEROK,SEKOLAH KEBANGSAAN PENEROK,1,219,MCA,WEE JECK SENG,152,PPBM,HAJI KARMAINE BIN  SARDINI,47,GERAKAN,WENDY SUBRAMANIAM,12,BERJASA,DATO' DR  BADHRULHISHAM,1,BEBAS - KUNCI,DR. ANG CHUAN LOCK,3,BEBAS - KERETA,FARIDAH  ARYANI  BINTI ABD GHAFFAR,0,215,4,0
103,JOHOR,UNDI BIASA,165,TANJUNG PIAI,56,KUKUP,165/56/10,PENEROK,SEKOLAH KEBANGSAAN PENEROK,2,282,MCA,WEE JECK SENG,197,PPBM,HAJI KARMAINE BIN  SARDINI,50,GERAKAN,WENDY SUBRAMANIAM,11,BERJASA,DATO' DR  BADHRULHISHAM,4,BEBAS - KUNCI,DR. ANG CHUAN LOCK,4,BEBAS - KERETA,FARIDAH  ARYANI  BINTI ABD GHAFFAR,0,266,16,0
104,JOHOR,UNDI BIASA,165,TANJUNG PIAI,56,KUKUP,165/56/10,PENEROK,SEKOLAH KEBANGSAAN PENEROK,3,360,MCA,WEE JECK SENG,239,PPBM,HAJI KARMAINE BIN  SARDINI,99,GERAKAN,WENDY SUBRAMANIAM,7,BERJASA,DATO' DR  BADHRULHISHAM,6,BEBAS - KUNCI,DR. ANG CHUAN LOCK,6,BEBAS - KERETA,FARIDAH  ARYANI  BINTI ABD GHAFFAR,0,357,3,0
105,JOHOR,UNDI BIASA,165,TANJUNG PIAI,56,KUKUP,165/56/10,PENEROK,SEKOLAH KEBANGSAAN PENEROK,4,354,MCA,WEE JECK SENG,243,PPBM,HAJI KARMAINE BIN  SARDINI,89,GERAKAN,WENDY SUBRAMANIAM,6,BERJASA,DATO' DR  BADHRULHISHAM,8,BEBAS - KUNCI,DR. ANG CHUAN LOCK,2,BEBAS - KERETA,FARIDAH  ARYANI  BINTI ABD GHAFFAR,0,348,4,2
106,JOHOR,UNDI BIASA,165,TANJUNG PIAI,56,KUKUP,165/56/10,PENEROK,SEKOLAH KEBANGSAAN PENEROK,5,404,MCA,WEE JECK SENG,319,PPBM,HAJI KARMAINE BIN  SARDINI,66,GERAKAN,WENDY SUBRAMANIAM,2,BERJASA,DATO' DR  BADHRULHISHAM,10,BEBAS - KUNCI,DR. ANG CHUAN LOCK,5,BEBAS - KERETA,FARIDAH  ARYANI  BINTI ABD GHAFFAR,0,402,2,0
107,JOHOR,UNDI BIASA,165,TANJUNG PIAI,56,KUKUP,165/56/11,SUNGAI BOH,SEKOLAH KEBANGSAAN SUNGAI BOH,1,280,MCA,WEE JECK SENG,224,PPBM,HAJI KARMAINE BIN  SARDINI,41,GERAKAN,WENDY SUBRAMANIAM,4,BERJASA,DATO' DR  BADHRULHISHAM,4,BEBAS - KUNCI,DR. ANG CHUAN LOCK,0,BEBAS - KERETA,FARIDAH  ARYANI  BINTI ABD GHAFFAR,0,273,7,0
108,JOHOR,UNDI BIASA,165,TANJUNG PIAI,56,KUKUP,165/56/11,SUNGAI BOH,SEKOLAH KEBANGSAAN SUNGAI BOH,2,318,MCA,WEE JECK SENG,248,PPBM,HAJI KARMAINE BIN  SARDINI,61,GERAKAN,WENDY SUBRAMANIAM,0,BERJASA,DATO' DR  BADHRULHISHAM,9,BEBAS - KUNCI,DR. ANG CHUAN LOCK,0,BEBAS - KERETA,FARIDAH  ARYANI  BINTI ABD GHAFFAR,0,318,0,0
109,JOHOR,UNDI BIASA,165,TANJUNG PIAI,56,KUKUP,165/56/12,BANDAR PERMAS KECHIL,SEKOLAH JENIS KEBANGSAAN (CINA) PEI CHIAO,1,212,MCA,WEE JECK SENG,131,PPBM,HAJI KARMAINE BIN  SARDINI,47,GERAKAN,WENDY SUBRAMANIAM,10,BERJASA,DATO' DR  BADHRULHISHAM,4,BEBAS - KUNCI,DR. ANG CHUAN LOCK,4,BEBAS - KERETA,FARIDAH  ARYANI  BINTI ABD GHAFFAR,0,196,16,0
110,JOHOR,UNDI BIASA,165,TANJUNG PIAI,56,KUKUP,165/56/12,BANDAR PERMAS KECHIL,SEKOLAH JENIS KEBANGSAAN (CINA) PEI CHIAO,2,230,MCA,WEE JECK SENG,150,PPBM,HAJI KARMAINE BIN  SARDINI,66,GERAKAN,WENDY SUBRAMANIAM,9,BERJASA,DATO' DR  BADHRULHISHAM,3,BEBAS - KUNCI,DR. ANG CHUAN LOCK,1,BEBAS - KERETA,FARIDAH  ARYANI  BINTI ABD GHAFFAR,0,229,1,0
111,JOHOR,UNDI BIASA,165,TANJUNG PIAI,56,KUKUP,165/56/13,PERMAS KECHIL,SEKOLAH MENENGAH KEBANGSAAN SRI KUKUP,1,200,MCA,WEE JECK SENG,145,PPBM,HAJI KARMAINE BIN  SARDINI,37,GERAKAN,WENDY SUBRAMANIAM,13,BERJASA,DATO' DR  BADHRULHISHAM,1,BEBAS - KUNCI,DR. ANG CHUAN LOCK,2,BEBAS - KERETA,FARIDAH  ARYANI  BINTI ABD GHAFFAR,0,198,2,0
112,JOHOR,UNDI BIASA,165,TANJUNG PIAI,56,KUKUP,165/56/13,PERMAS KECHIL,SEKOLAH MENENGAH KEBANGSAAN SRI KUKUP,2,286,MCA,WEE JECK SENG,186,PPBM,HAJI KARMAINE BIN  SARDINI,68,GERAKAN,WENDY SUBRAMANIAM,19,BERJASA,DATO' DR  BADHRULHISHAM,2,BEBAS - KUNCI,DR. ANG CHUAN LOCK,2,BEBAS - KERETA,FARIDAH  ARYANI  BINTI ABD GHAFFAR,3,280,6,0
113,JOHOR,UNDI BIASA,165,TANJUNG PIAI,56,KUKUP,165/56/13,PERMAS KECHIL,SEKOLAH MENENGAH KEBANGSAAN SRI KUKUP,3,361,MCA,WEE JECK SENG,254,PPBM,HAJI KARMAINE BIN  SARDINI,83,GERAKAN,WENDY SUBRAMANIAM,12,BERJASA,DATO' DR  BADHRULHISHAM,2,BEBAS - KUNCI,DR. ANG CHUAN LOCK,1,BEBAS - KERETA,FARIDAH  ARYANI  BINTI ABD GHAFFAR,0,352,9,0
114,JOHOR,UNDI BIASA,165,TANJUNG PIAI,56,KUKUP,165/56/13,PERMAS KECHIL,SEKOLAH MENENGAH KEBANGSAAN SRI KUKUP,4,323,MCA,WEE JECK SENG,201,PPBM,HAJI KARMAINE BIN  SARDINI,98,GERAKAN,WENDY SUBRAMANIAM,12,BERJASA,DATO' DR  BADHRULHISHAM,3,BEBAS - KUNCI,DR. ANG CHUAN LOCK,4,BEBAS - KERETA,FARIDAH  ARYANI  BINTI ABD GHAFFAR,0,318,5,0
115,JOHOR,UNDI BIASA,165,TANJUNG PIAI,56,KUKUP,165/56/13,PERMAS KECHIL,SEKOLAH MENENGAH KEBANGSAAN SRI KUKUP,5,312,MCA,WEE JECK SENG,198,PPBM,HAJI KARMAINE BIN  SARDINI,100,GERAKAN,WENDY SUBRAMANIAM,6,BERJASA,DATO' DR  BADHRULHISHAM,4,BEBAS - KUNCI,DR. ANG CHUAN LOCK,2,BEBAS - KERETA,FARIDAH  ARYANI  BINTI ABD GHAFFAR,0,310,2,0
116,JOHOR,UNDI BIASA,165,TANJUNG PIAI,56,KUKUP,165/56/13,PERMAS KECHIL,SEKOLAH MENENGAH KEBANGSAAN SRI KUKUP,6,340,MCA,WEE JECK SENG,228,PPBM,HAJI KARMAINE BIN  SARDINI,101,GERAKAN,WENDY SUBRAMANIAM,4,BERJASA,DATO' DR  BADHRULHISHAM,3,BEBAS - KUNCI,DR. ANG CHUAN LOCK,3,BEBAS - KERETA,FARIDAH  ARYANI  BINTI ABD GHAFFAR,0,339,1,0
117,JOHOR,UNDI BIASA,165,TANJUNG PIAI,56,KUKUP,165/56/14,SUNGAI DURIAN,SEKOLAH KEBANGSAAN SUNGAI DURIAN,1,259,MCA,WEE JECK SENG,206,PPBM,HAJI KARMAINE BIN  SARDINI,28,GERAKAN,WENDY SUBRAMANIAM,13,BERJASA,DATO' DR  BADHRULHISHAM,2,BEBAS - KUNCI,DR. ANG CHUAN LOCK,3,BEBAS - KERETA,FARIDAH  ARYANI  BINTI ABD GHAFFAR,1,253,6,0
118,JOHOR,UNDI BIASA,165,TANJUNG PIAI,56,KUKUP,165/56/14,SUNGAI DURIAN,SEKOLAH KEBANGSAAN SUNGAI DURIAN,2,300,MCA,WEE JECK SENG,231,PPBM,HAJI KARMAINE BIN  SARDINI,55,GERAKAN,WENDY SUBRAMANIAM,4,BERJASA,DATO' DR  BADHRULHISHAM,6,BEBAS - KUNCI,DR. ANG CHUAN LOCK,1,BEBAS - KERETA,FARIDAH  ARYANI  BINTI ABD GHAFFAR,1,298,2,0
119,JOHOR,UNDI BIASA,165,TANJUNG PIAI,56,KUKUP,165/56/14,SUNGAI DURIAN,SEKOLAH KEBANGSAAN SUNGAI DURIAN,3,365,MCA,WEE JECK SENG,269,PPBM,HAJI KARMAINE BIN  SARDINI,84,GERAKAN,WENDY SUBRAMANIAM,3,BERJASA,DATO' DR  BADHRULHISHAM,5,BEBAS - KUNCI,DR. ANG CHUAN LOCK,0,BEBAS - KERETA,FARIDAH  ARYANI  BINTI ABD GHAFFAR,0,361,4,0
120,JOHOR,UNDI BIASA,165,TANJUNG PIAI,56,KUKUP,165/56/14,SUNGAI DURIAN,SEKOLAH KEBANGSAAN SUNGAI DURIAN,4,363,MCA,WEE JECK SENG,288,PPBM,HAJI KARMAINE BIN  SARDINI,60,GERAKAN,WENDY SUBRAMANIAM,2,BERJASA,DATO' DR  BADHRULHISHAM,12,BEBAS - KUNCI,DR. ANG CHUAN LOCK,0,BEBAS - KERETA,FARIDAH  ARYANI  BINTI ABD GHAFFAR,1,363,0,0
121,JOHOR,UNDI BIASA,165,TANJUNG PIAI,56,KUKUP,165/56/15,SERKAT,SEKOLAH KEBANGSAAN SERKAT,1,237,MCA,WEE JECK SENG,188,PPBM,HAJI KARMAINE BIN  SARDINI,35,GERAKAN,WENDY SUBRAMANIAM,4,BERJASA,DATO' DR  BADHRULHISHAM,5,BEBAS - KUNCI,DR. ANG CHUAN LOCK,1,BEBAS - KERETA,FARIDAH  ARYANI  BINTI ABD GHAFFAR,0,233,4,0
122,JOHOR,UNDI BIASA,165,TANJUNG PIAI,56,KUKUP,165/56/15,SERKAT,SEKOLAH KEBANGSAAN SERKAT,2,293,MCA,WEE JECK SENG,192,PPBM,HAJI KARMAINE BIN  SARDINI,67,GERAKAN,WENDY SUBRAMANIAM,3,BERJASA,DATO' DR  BADHRULHISHAM,8,BEBAS - KUNCI,DR. ANG CHUAN LOCK,0,BEBAS - KERETA,FARIDAH  ARYANI  BINTI ABD GHAFFAR,0,270,23,0
123,JOHOR,UNDI BIASA,165,TANJUNG PIAI,56,KUKUP,165/56/15,SERKAT,SEKOLAH KEBANGSAAN SERKAT,3,357,MCA,WEE JECK SENG,264,PPBM,HAJI KARMAINE BIN  SARDINI,79,GERAKAN,WENDY SUBRAMANIAM,0,BERJASA,DATO' DR  BADHRULHISHAM,10,BEBAS - KUNCI,DR. ANG CHUAN LOCK,0,BEBAS - KERETA,FARIDAH  ARYANI  BINTI ABD GHAFFAR,0,353,4,0
124,JOHOR,UNDI BIASA,165,TANJUNG PIAI,56,KUKUP,165/56/15,SERKAT,SEKOLAH KEBANGSAAN SERKAT,4,391,MCA,WEE JECK SENG,300,PPBM,HAJI KARMAINE BIN  SARDINI,72,GERAKAN,WENDY SUBRAMANIAM,0,BERJASA,DATO' DR  BADHRULHISHAM,16,BEBAS - KUNCI,DR. ANG CHUAN LOCK,0,BEBAS - KERETA,FARIDAH  ARYANI  BINTI ABD GHAFFAR,0,388,3,0
125,JOHOR,UNDI BIASA,165,TANJUNG PIAI,56,KUKUP,165/56/16,ANDEK MORI,SEKOLAH KEBANGSAAN ANDEK MORI,1,230,MCA,WEE JECK SENG,158,PPBM,HAJI KARMAINE BIN  SARDINI,57,GERAKAN,WENDY SUBRAMANIAM,3,BERJASA,DATO' DR  BADHRULHISHAM,2,BEBAS - KUNCI,DR. ANG CHUAN LOCK,2,BEBAS - KERETA,FARIDAH  ARYANI  BINTI ABD GHAFFAR,3,225,5,0
126,JOHOR,UNDI BIASA,165,TANJUNG PIAI,56,KUKUP,165/56/16,ANDEK MORI,SEKOLAH KEBANGSAAN ANDEK MORI,2,253,MCA,WEE JECK SENG,191,PPBM,HAJI KARMAINE BIN  SARDINI,58,GERAKAN,WENDY SUBRAMANIAM,0,BERJASA,DATO' DR  BADHRULHISHAM,3,BEBAS - KUNCI,DR. ANG CHUAN LOCK,0,BEBAS - KERETA,FARIDAH  ARYANI  BINTI ABD GHAFFAR,0,252,1,0
127,JOHOR,UNDI BIASA,165,TANJUNG PIAI,56,KUKUP,165/56/16,ANDEK MORI,SEKOLAH KEBANGSAAN ANDEK MORI,3,356,MCA,WEE JECK SENG,245,PPBM,HAJI KARMAINE BIN  SARDINI,100,GERAKAN,WENDY SUBRAMANIAM,4,BERJASA,DATO' DR  BADHRULHISHAM,4,BEBAS - KUNCI,DR. ANG CHUAN LOCK,0,BEBAS - KERETA,FARIDAH  ARYANI  BINTI ABD GHAFFAR,0,353,3,0
128,JOHOR,UNDI BIASA,165,TANJUNG PIAI,56,KUKUP,165/56/16,ANDEK MORI,SEKOLAH KEBANGSAAN ANDEK MORI,4,355,MCA,WEE JECK SENG,278,PPBM,HAJI KARMAINE BIN  SARDINI,60,GERAKAN,WENDY SUBRAMANIAM,1,BERJASA,DATO' DR  BADHRULHISHAM,9,BEBAS - KUNCI,DR. ANG CHUAN LOCK,0,BEBAS - KERETA,FARIDAH  ARYANI  BINTI ABD GHAFFAR,1,349,6,0
